fichero	bloque	norma	identificador	redaccion	sirve	extra
temas/general/01-constitucion-espanola.md	Temario general · punto 1	Constitución Española de 27 de diciembre de 1978	`BOE-A-1978-31229` · BOE núm. 311, de 29/12/1978	La vigente el **21/12/2022**. Al corte, la única reforma consumada era la del **artículo 135** (2011); las dos posteriores van en «Notas de actualización», fuera del cuerpo examinable		
temas/general/02-ley-17-2006.md	Temario general · punto 2	Ley 17/2006, de 5 de junio, de la radio y la televisión de titularidad estatal	`BOE-A-2006-9958` · BOE núm. 134, de 06/06/2006	La vigente el **21/12/2022**. El epígrafe 11 recoge **además** la reforma del **RDL 5/2024**, posterior al corte, **porque se ha preguntado en examen**		
temas/general/03-ley-5-2017.md	Temario general · punto 3	Ley 5/2017, de 29 de septiembre, por la que se modifica la Ley 17/2006	`BOE-A-2017-11091` · BOE núm. 236, de 30/09/2017	La vigente el **21/12/2022**. Su única actualización es la de **31/07/2021**, y viene de una **sentencia del Tribunal Constitucional**, no de una reforma		
temas/general/04-ley-8-2009.md	Temario general · punto 4	Ley 8/2009, de 28 de agosto, de financiación de la Corporación de Radio y Televisión Española	`BOE-A-2009-13988` · BOE núm. 210, de 31/08/2009	La vigente el **21/12/2022**, que **coincide con la de hoy**: la ley no se ha vuelto a tocar desde el 08/07/2022		
temas/general/05-convenio-colectivo.md	Temario general · punto 5	III Convenio Colectivo de la Corporación RTVE	`BOE-A-2020-16744` (texto) · `BOE-A-2021-1334` (corrección) · `BOE-A-2021-8252` (anexo 7) · `BOE-A-2022-20256` (acuerdo de 2022)	El texto de **2020** con la **corrección de errores de 2021** y el **acuerdo de modificación de 2022**. **No es legislación consolidada**: el articulado se reconstruye superponiendo los documentos		
temas/general/06-igualdad.md	Temario general · punto 6	II Plan de Igualdad de RTVE (2022-2026) y Guía de Igualdad de RTVE (2020)	**Sin identificador del BOE**: son documentos internos de RTVE	Las **ediciones publicadas por RTVE**: el **II Plan de Igualdad 2022-2026** y la **Guía de Igualdad de 2020**, leídas en su texto íntegro		
temas/general/07-ley-13-2022.md	Temario general · punto 7	Ley 13/2022, de 7 de julio, General de Comunicación Audiovisual	`BOE-A-2022-11311` · BOE núm. 163, de 08/07/2022	El **texto inicial**, que **nunca ha sido modificado**. En vigor, con carácter general, el **09/07/2022**; quince bloques con entrada en vigor escalonada		
temas/general/08-ley-31-1995.md	Temario general · punto 8	Ley 31/1995, de 8 de noviembre, de Prevención de Riesgos Laborales	`BOE-A-1995-24292` · BOE núm. 269, de 10/11/1995	La vigente el **21/12/2022**. **El capítulo VII está casi entero derogado** por el RDLeg 5/2000 (LISOS) desde el 01/01/2001		
temas/prl/prl-especifico.md	Temario específico · Producción 18 · Documentación 7 · Información y Contenidos 11 · Gestión Administrativa 13 · Gestión 31 · Realización (Asistencia) 8	Seis rúbricas sobre **doce fuentes**: Ley 31/1995, RD 488/1997, RD 486/1997, RD 286/2006, RD 513/2017, RD 2267/2004, RD 614/2001, RD 842/2002, RD 39/1997, RDLeg 8/2015 y documentación técnica del INSST	`BOE-A-1995-24292` · `BOE-A-1997-1853` · `BOE-A-1997-8669` · `BOE-A-1997-8671` · `BOE-A-2001-11881` · `BOE-A-2002-18099` · `BOE-A-2004-21216` · `BOE-A-2006-4414` · `BOE-A-2015-11724` · `BOE-A-2017-6606`. La **documentación técnica del INSST** no tiene identificador del BOE: se cita por su título en cada epígrafe	Las **normas**, en su redacción vigente el **21/12/2022**. La **documentación técnica del INSST**, en su **edición publicada**, indicada caso por caso		
temas/produccion-asistencia/02-propiedad-intelectual.md	Temario específico · Producción (Asistencia) · punto 2	Texto refundido de la Ley de Propiedad Intelectual, aprobado por el Real Decreto Legislativo 1/1996, de 12 de abril	`BOE-A-1996-8930` · BOE núm. 97, de 22/04/1996	La vigente el **21/12/2022**, que **coincide exactamente con la que cita el enunciado**: la última reforma anterior al corte se publicó el **30 de marzo de 2022** y afectó a un solo artículo, el 177	**Producción (Asistencia)**	Norma complementaria=Real Decreto-ley 24/2021, de 2 de noviembre, **Libro cuarto** (`BOE-A-2021-17910`), para la parte de plataformas y redes sociales
temas/produccion-asistencia/17-proteccion-de-datos.md	Temario específico · Producción (Asistencia) · punto 17	Ley Orgánica 3/2018, de 5 de diciembre, de Protección de Datos Personales y garantía de los derechos digitales	`BOE-A-2018-16673` · BOE núm. 294, de 06/12/2018	La vigente el **21/12/2022**. **Dos bloques no estaban en vigor** a esa fecha —el **artículo 53 bis** y la **disposición adicional vigésima tercera**, ambos desde el **10/05/2023**—, y por eso quedan fuera del cuerpo examinable	**Producción (Asistencia)**	Norma complementaria=**Reglamento (UE) 2016/679**, Reglamento general de protección de datos (`DOUE-L-2016-80807`), con sus **dos correcciones de errores**
temas/produccion-asistencia/10-imagen-y-sonido.md	Temario específico · Producción (Asistencia) · punto 10	**Sin norma en el enunciado.** Se apoya en dos **recomendaciones UIT-R**, dos **reales decretos** y la documentación de la **AES**, y dice de cuál viene cada dato	`UIT-R BT.601-7` · `UIT-R BT.2100-1` · `BOE-A-2010-927` · `BOE-A-2007-18400`	Las **recomendaciones UIT-R en la edición que cita el examen** —BT.601-7 de 03/2011 y BT.2100-1 de 06/2017—, y los **reales decretos en su texto vigente al 21/12/2022**	**Producción (Asistencia)**	Jerarquía de fuentes=**Cinco niveles declarados**, del BOE a la plantilla oficial. El tema marca el nivel de cada afirmación, y **siete de las diecisiete preguntas tienen norma detrás**
temas/produccion-asistencia/09-escenografia-e-iluminacion.md	Temario específico · Producción (Asistencia) · punto 9	**Sin norma en el enunciado.** Se apoya en el **RD 2032/2009** de unidades de medida, en el **Reglamento electrotécnico para baja tensión**, en la **Recomendación UIT-R BT.601-7** y en las **fichas de Astera y de Mo-Sys**; el resto es vocabulario de oficio, y el tema lo marca	`BOE-A-2010-927` · `BOE-A-2002-18099` · `UIT-R BT.601-7` · fichas de **Astera** y **Mo-Sys**	Los **reales decretos en su texto vigente al 21/12/2022**, la recomendación en su **edición 03/2011** y las fichas **tal como estaban el 02/09/2026**	**Producción (Asistencia)**	Aviso sobre las fuentes=**Es el tema más preguntado del bloque, y el peor servido**: de sus **20 preguntas**, **4 tienen norma detrás** y **3 más, ficha de fabricante leída**. Las **trece restantes** son **vocabulario profesional**, y van marcadas una a una
temas/produccion-asistencia/11-transmision-de-senal.md	Temario específico · Producción (Asistencia) · punto 11	**Sin norma en el enunciado.** Se apoya en la **Ley 11/2022** General de Telecomunicaciones, en el **Plan Técnico Nacional de la TDT**, en la **Ley 13/2022**, en tres recomendaciones de la **UIT** —**S.673-2**, **SNG.770-2** y **G.984.1**—, en dos **normas europeas del DVB**, en el índice oficial de la **SMPTE ST 2110** y en la **ficha de LiveU**	`BOE-A-2022-10757` · `BOE-A-2019-9513` · `BOE-A-2022-11311` · `UIT-R S.673-2` · `UIT-R SNG.770-2` · `UIT-T G.984.1` · `ETSI EN 300 744` · `ETSI EN 302 755`	Las **leyes y el real decreto en su texto vigente al 21/12/2022**, las recomendaciones en sus **ediciones 03/2002, 01/2012 y 03/2003**, y la ficha **tal como estaba el 02/09/2026**	**Producción (Asistencia)**	Aviso sobre las fuentes=De sus **10 preguntas**, **siete tienen norma, recomendación o ficha detrás**. Las **tres restantes** —streaming, señal Pool y los datos de acceso al satélite— se apoyan **sólo en la plantilla oficial**, y van marcadas
temas/produccion-asistencia/13-equipos-de-exteriores.md	Temario específico · Producción (Asistencia) · punto 13	**Sin norma en el enunciado.** La mitad del dron se apoya en el **Reglamento (UE) 2019/947**, en el **reglamento del aire (SERA)**, en el **RD 1036/2017** y en el **AIP de España** publicado por ENAIRE; la del estabilizador, en la **lista de compatibilidad de DJI**; el vocabulario de exteriores va marcado	`DOUE-L-2019-81004` · `DOUE-L-2012-81859` · `BOE-A-2017-15721` · AIP España ENR 5.1	Los **reglamentos y el real decreto en su texto vigente al 21/12/2022**, y el AIP y la lista del fabricante **tal como estaban el 02/09/2026**	**Producción (Asistencia)**	Aviso sobre las fuentes=**Un tema partido en dos**: las **3 preguntas del dron y el estabilizador** tienen norma, publicación oficial o ficha detrás; las **4 de vocabulario de exteriores** —beauty shot, TV compound, mobycam y mojo— se apoyan **sólo en la plantilla**, y van marcadas
temas/produccion-asistencia/01-la-produccion.md	Temario específico · Producción (Asistencia) · punto 1	**Sin norma en el enunciado.** Se apoya en el **artículo 8 del III Convenio Colectivo de la Corporación RTVE**, que define **producción interna, mixta y ajena** y nombra **las tres fases**, y en el **artículo 112 de la Ley 13/2022** para el **productor independiente**	`BOE-A-2020-16744` · `BOE-A-2022-11311`	El **convenio y la ley en su texto vigente al 21/12/2022**	**Producción (Asistencia)**	Aviso sobre las fuentes=De sus **6 preguntas**, **2 tienen norma literal detrás** —y es el propio convenio de la casa—. Las **4 restantes** —posproducción, montaje en línea y fuera de línea, y el ambientador musical— se apoyan **sólo en la plantilla**, y van marcadas
temas/produccion-asistencia/03-el-guion.md	Temario específico · Producción (Asistencia) · punto 3	**Sin norma en el enunciado, y sin norma en las respuestas.** El único apoyo normativo es el **artículo 87 del texto refundido de la Ley de Propiedad Intelectual**, que cuenta a los autores del guion entre los de la obra audiovisual, y **no contesta ninguna pregunta**	`BOE-A-1996-8930`	La **ley en su texto vigente al 21/12/2022**	**Producción (Asistencia)**	Aviso sobre las fuentes=**Es el tema con peor respaldo documental de todo el bloque**: **ninguna de sus 6 preguntas tiene norma detrás**. Las seis se apoyan en la plantilla oficial y en el uso profesional, y **los seis términos se han buscado en todas las fuentes reunidas antes de decirlo**
temas/produccion-asistencia/07-equipos-humanos.md	Temario específico · Producción (Asistencia) · punto 7	**Sin norma en el enunciado.** El **artículo 38 del III Convenio Colectivo de la Corporación RTVE** y su **anexo VIII** dan **el mapa de ámbitos ocupacionales** que dos preguntas presuponen; **qué hace cada oficio** se apoya sólo en la plantilla, y va marcado	`BOE-A-2020-16744` · `BOE-A-2022-20256`	El **convenio y su acuerdo de modificación de 02/12/2022**, ambos anteriores al corte del **21/12/2022**	**Producción (Asistencia)**	Aviso sobre las fuentes=**Ninguno de los seis oficios que el examen pregunta está nombrado en el convenio**, y se han buscado uno a uno. Lo que el convenio da es **el mapa de los departamentos**, no los nombres de los oficios
temas/produccion-asistencia/08-formatos-y-soportes.md	Temario específico · Producción (Asistencia) · punto 8	**Sin norma en el enunciado.** Se apoya en la **Recomendación UIT-R BT.2100-1**, que define la televisión de elevada gama dinámica y da los tres formatos de imagen y las frecuencias de trama, y en el **Plan Técnico Nacional de la TDT** (Real Decreto 391/2019), que fija en el BOE la resolución de la alta y la ultraalta definición	`UIT-R BT.2100-1` · `BOE-A-2019-9513`	La recomendación en su **edición 06/2017** y el real decreto **en su texto vigente al 21/12/2022**	**Producción (Asistencia)**	Aviso sobre las fuentes=De sus **6 preguntas**, **3 tienen norma o recomendación detrás**. Las **3 restantes** —el soporte SxS Pro, el internegativo y el origen de las 24 imágenes por segundo— se apoyan **sólo en la plantilla**. Y la especificación **DCI** que el enunciado cita **no se ha podido consultar**, comprobado con la regla del proyecto
temas/produccion-asistencia/12-el-estudio.md	Temario específico · Producción (Asistencia) · punto 12	**Sin norma, y sin norma en las respuestas.** El único documento es la **portada de Autocue**, que llama «teleprompters» a sus propios aparatos y prueba que **teleprompter y autocue son la misma cosa**	Ficha de **Autocue**	La ficha **tal como estaba el 02/09/2026**	**Producción (Asistencia)**	Aviso sobre las fuentes=De sus **6 preguntas**, **5 se apoyan sólo en la plantilla oficial** —los seis términos se buscaron en todas las fuentes reunidas y no aparece ninguno— y **1 tiene ficha de fabricante**. La de **Avid** **no se ha podido consultar**: ocho rutas probadas con agente de navegador
temas/produccion-asistencia/14-documentacion-internacional.md	Temario específico · Producción (Asistencia) · punto 14	**Sin norma en el enunciado.** Cuatro de sus seis preguntas son sobre el **cuaderno ATA**, que sí tiene tratado: el **Convenio relativo a la importación temporal**, hecho en **Estambul**, y las **fichas de la Cámara de Comercio de España**	`BOE-A-1997-21711` · fichas de la **Cámara de Comercio de España**	El **convenio tal como lo publicó el BOE** y las fichas **tal como estaban el 02/09/2026**	**Producción (Asistencia)**	Aviso sobre las fuentes=**4 de sus 6 preguntas tienen tratado o documento oficial detrás**; las **2 restantes** —el bono de exceso de equipaje y la tarjeta de prensa de Israel— se apoyan **sólo en la plantilla**, y sus fuentes **no se han podido consultar**, comprobado con la regla del proyecto
temas/produccion-asistencia/15-organismos.md	Temario específico · Producción (Asistencia) · punto 15	**Sin norma en el enunciado.** Las dos organizaciones españolas publican quiénes son —**FORTA** y **UTECA**—; la europea **no deja leer su página**. Se apoya además en el **III Convenio Colectivo** y en la **Ley 13/2022**	`BOE-A-2020-16744` · `BOE-A-2022-11311` · fichas de **FORTA** y **UTECA**	El **convenio y la ley en su texto vigente al 21/12/2022** y las páginas **tal como estaban el 02/09/2026**	**Producción (Asistencia)**	Aviso sobre las fuentes=**Tema partido en dos**: las **3 preguntas de FORTA, UTECA y ENEX** se apoyan en documento o en descarte; las **3 de la Unión Europea de Radiodifusión** —sede, tasa y Euroradio 2SEE— **no se han podido verificar en su fuente**, porque su sitio responde «prohibido» a toda consulta automática
temas/produccion-asistencia/04-el-desglose.md	Temario específico · Producción (Asistencia) · punto 4	**Sin norma en el enunciado ni en las respuestas.** El único apoyo es el **artículo 8 del III Convenio Colectivo de la Corporación RTVE**, que **enumera las tres fases** de una producción y hace comprobable la segunda respuesta	`BOE-A-2020-16744`	El **convenio en su texto vigente al 21/12/2022**	**Producción (Asistencia)**	Aviso sobre las fuentes=Es **el tema menos preguntado del bloque**: **2 preguntas**, y las dos son **la misma cosa por dos lados**. **No hay norma que defina el desglose** —buscado en todo el corpus—; lo que el convenio da es **el marco de fases**
temas/produccion-asistencia/05-localizacion.md	Temario específico · Producción (Asistencia) · punto 5	**Sin norma en el enunciado ni en las respuestas.** El **artículo 38 del III Convenio Colectivo de la Corporación RTVE** prueba que **Producción**, **Realización** y **Técnica** son ámbitos distintos, que es el armazón de una de las tres preguntas	`BOE-A-2020-16744`	El **convenio en su texto vigente al 21/12/2022**	**Producción (Asistencia)**	Aviso sobre las fuentes=**Las 3 preguntas se apoyan sólo en la plantilla oficial.** Los términos se han buscado en todo el corpus: **«cover set» y «equipo básico» no aparecen**, y «localización» sale **siempre en otro sentido**
temas/produccion-asistencia/06-plan-y-orden-de-trabajo.md	Temario específico · Producción (Asistencia) · punto 6	**Sin norma en el enunciado ni en las respuestas.** Es, con el del guion, **uno de los dos temas del bloque sin ninguna fuente normativa**: los seis documentos que maneja se han buscado en todo el corpus y **cinco no aparecen ni una vez**	— (ninguna)	— (no hay norma que estudiar)	**Producción (Asistencia)**	Aviso sobre las fuentes=**Las 4 preguntas se apoyan sólo en la plantilla oficial.** Lo que el tema ofrece a cambio es **la cadena entera de papeles de una producción**, que es lo que hace que los distractores se descarten solos
temas/produccion-asistencia/16-gestion-de-servicios.md	Temario específico · Producción (Asistencia) · punto 16	**Sin norma en el enunciado.** Las dos preguntas de agencias se verifican en las **portadas de SNTV y de la Agència Catalana de Notícies**; la del semoviente, no. El **Código Civil** se cita **por lo que no dice**: la palabra no aparece en él	Portadas de **SNTV** y **ACN** · `BOE-A-1889-4763`	Las portadas **tal como estaban el 02/09/2026** y el código **en su texto vigente al 21/12/2022**	**Producción (Asistencia)**	Aviso sobre las fuentes=De sus **3 preguntas**, **2 se verifican en la portada de la propia agencia**. Las páginas de **EFE** y de **Reuters** **no se han podido consultar**, comprobado con la regla del proyecto
temas/documentacion/01-historia-de-rtve.md	Temario específico · Documentación · punto 1	**Sin norma en el enunciado**, pero con norma detrás en sus dos fechas grandes: el **Real Decreto 895/1988**, que acuerda la fusión de las dos radios públicas, y la **Ley 17/2006**, que crea la Corporación y ordena su estructura territorial. La historia de los programas se apoya en el **archivo de la propia RTVE**	`BOE-A-1988-19445` · `BOE-A-2004-7529` · `BOE-A-2006-9958` · fichas de **RTVE Play** y páginas de **rtve.es**	El **real decreto de 1988 tal como lo publicó el BOE**, la **Ley 17/2006 en su texto vigente al 21/12/2022** y las páginas de RTVE **tal como estaban el 02/09/2026**	**Documentación**	Aviso sobre las fuentes=De sus **11 preguntas**, **10 se han podido verificar en documento**: dos en el BOE, siete en páginas de RTVE y una en una nota de prensa del portal público de televisión digital. La **undécima** —el año de «Cita con Pilar»— se apoya **sólo en la plantilla oficial**: el programa **no figura en el catálogo de RTVE Play**, y va marcado
temas/documentacion/02-documentacion-y-tecnologias.md	Temario específico · Documentación · punto 2	**Sin norma en el enunciado**, y con dos clases de fuente detrás: las **normas ISO del comité de información y documentación** —**ISO 25964** para los tesauros y los códigos normalizados de identificación— y la **Ley 16/1985 del Patrimonio Histórico Español**, que es la que define en el BOE qué es un documento y qué puede destruirse	`ISO 25964-1:2011` · `ISO 25964-2:2013` · `ISO 15707:2022` · `BOE-A-1985-12534`	Las **normas ISO en la edición que se cita en cada caso**, leídas en **su muestra oficial** el **02/09/2026**, y la **ley en su texto vigente al 21/12/2022**	**Documentación**	Aviso sobre las fuentes=De sus **9 preguntas**, **4 tienen norma internacional detrás**, leída en la muestra oficial del propio documento; **1 más se apoya en la ley del patrimonio** y **otra en un artículo firmado por la responsable del Fondo Documental de RTVE**. Las **3 restantes** —el modelo probabilístico, el resumen indicativo y la curación de contenidos— se apoyan **sólo en la plantilla oficial**, y van marcadas. **El texto íntegro de las normas ISO es de pago**, y aquí se dice qué parte se ha podido leer
temas/documentacion/03-internet.md	Temario específico · Documentación · punto 3	**Sin norma en el enunciado**, y con las cuatro clases de fuente del proyecto detrás: el **Real Decreto 635/2015** del depósito legal en línea y la **Sentencia 27/2020 del Tribunal Constitucional**, las dos publicadas en el BOE; la especificación **EBU Tech 3293** y la documentación del **W3C**; y las páginas de ayuda de los propios buscadores	`BOE-A-2015-8338` · `BOE-A-2020-4112` · `EBU Tech 3293 v.1.10` · RDF Primer del **W3C**	El **real decreto en su texto vigente al 21/12/2022**, la **sentencia tal como la publicó el BOE**, la especificación en su **versión 1.10, de abril de 2020**, y las páginas **tal como estaban el 02/09/2026**	**Documentación**	Aviso sobre las fuentes=De sus **8 preguntas**, **6 se verifican en documento**: dos en el BOE, una en la especificación de la Unión Europea de Radiodifusión, una en la documentación del W3C y dos en la ayuda de los propios buscadores. Las **2 restantes** —la expresión booleana y el año de una red social— se apoyan **sólo en la plantilla oficial**, y van marcadas
temas/documentacion/04-inteligencia-artificial.md	Temario específico · Documentación · punto 4	**Sin norma en el enunciado, y sin norma en el BOE.** Las dos preguntas que tienen fuente se apoyan en el **instituto nacional de normas y tecnología de los Estados Unidos**, que define la tarea de diarización en sus evaluaciones, y en el **blog oficial de Google**, que anunció el modelo de lenguaje que la otra pregunta nombra	Evaluación **Rich Transcription** del **NIST** · anuncio oficial de **Google** de 25/10/2019 · artículo **arXiv 1810.04805**	Las páginas y documentos **tal como estaban el 02/09/2026**	**Documentación**	Aviso sobre las fuentes=**Es el tema con menos respaldo documental del bloque, y el más corto.** De sus **4 preguntas**, **2 tienen documento detrás**; las **2 restantes** —el módulo generativo prosódico y el recuento de palabras— se apoyan **sólo en la plantilla oficial**, y van marcadas. **No hay norma publicada** que defina estos términos: se ha buscado en todo el corpus del proyecto
temas/documentacion/05-centros-de-documentacion.md	Temario específico · Documentación · punto 5	**Sin norma en el enunciado**, y con **el respaldo documental más completo del bloque**: tres especificaciones técnicas —**SMPTE ST 377-1**, **EBU Tech 3285** y **ECMA-319**—, la recomendación profesional de preservación **IASA-TC 03**, dos descripciones de formato de la **Biblioteca del Congreso**, la página del **servicio audiovisual de la Comisión Europea**, la del fabricante del sistema que se pregunta y un artículo firmado por la **responsable del Fondo Documental de RTVE**	`SMPTE ST 377-1:2019` · `EBU Tech 3285 v2.0` · `ECMA-319 (2001)` · `IASA-TC 03, 4.ª ed., 2017`	Cada especificación **en la edición que se cita**, y las páginas **tal como estaban el 02/09/2026**	**Documentación**	Aviso sobre las fuentes=**Es el único tema del bloque con las diez preguntas verificadas en documento.** Ninguna se apoya sólo en la plantilla. A cambio, **ninguna de sus fuentes está en el BOE**: son especificaciones de organismos de normalización, recomendaciones profesionales y documentación de quien fabrica o explota los sistemas
temas/documentacion/06-cultura-y-actualidad.md	Temario específico · Documentación · punto 6	**No hay una fuente, hay cuarenta preguntas.** Lo que sí hay es **un método**: para cada dato se busca **el documento que lo fija** —el BOE cuando es una norma o un nombramiento, la página del propio organismo cuando es una institución, el glosario oficial cuando es un término científico— y **se dice cuándo no se ha encontrado**	`BOE-A-2002-10139` · `BOE-A-1998-29216` · `BOE-A-2010-18683` · `BOE-A-2010-19462` · `BOE-A-2022-7653` · `BOE-A-1975-23743` · `BOE-A-2014-6476` · `BOE-A-1978-31229` · `BOE-A-2010-927`	Las **normas en su texto vigente al 21/12/2022**, los **nombramientos y decretos en su texto original publicado** y las **páginas institucionales tal como estaban el 02/09/2026**	**Documentación**	Aviso sobre las fuentes=**Es el punto más preguntado del cuadernillo —40 de las 96 preguntas— y el más desigual.** **15 de sus 40 respuestas se han podido verificar en documento**: nueve en el BOE y seis en páginas de organismos oficiales. Las **25 restantes** se apoyan **sólo en la plantilla oficial**, y **van marcadas una a una**. Aquí no hay temario que estudiar: hay **datos que comprobar**
temas/informacion/01-actualidad.md	Temario específico · Información y Contenidos · punto 1	**No hay una fuente, hay ciento veintiuna preguntas.** Lo que hay es **un método**: para cada dato se busca **el documento que lo fija** —el BOE cuando hay norma, nombramiento o concesión de un premio; la página del propio organismo cuando es una institución, un instituto estadístico o una cadena— y **se dice cuándo no se ha encontrado**	`BOE-A-2024-11776` · `BOE-A-2023-7936` · `BOE-A-2023-12203` · `BOE-A-2024-21208` · `BOE-A-2023-23938` · `BOE-A-2024-15419` · `BOE-A-2024-18101` · `BOE-A-2023-22299` · `BOE-A-2024-18000` · `BOE-A-2023-23543` · `BOE-A-2024-16602` · `BOE-A-2024-20576` · `BOE-A-2024-5214` · `BOE-A-2025-13142`	Las **leyes en su texto vigente**, las **órdenes, reales decretos y resoluciones en su texto original publicado** y las **páginas institucionales tal como estaban el 02/09/2026**	**Información y Contenidos**	Aviso sobre las fuentes=**Es, con enorme diferencia, el punto más preguntado de la ocupación: 121 de las 178 preguntas del bloque específico.** **20 de esas 121 se han podido atar a un documento** —quince al BOE y cinco a la fuente oficial del dato—, y **tres de las veinte solo en parte**, que va dicho donde toca. Las **101 restantes** se apoyan **sólo en la plantilla oficial**, y **van listadas una a una**. Aquí no hay temario que estudiar: hay **datos que comprobar**. Y **una de las veinte no confirma la plantilla: la desmiente** —la tasa de paro—
temas/informacion/02-union-europea.md	Temario específico · Información y Contenidos · punto 2	**Sin norma en el enunciado**, y con tres clases de fuente detrás: el **BOE**, que publica el tratado de adhesión de España y los resultados de las elecciones europeas; el **Diario Oficial de la Unión Europea**, con el reglamento de los derechos a los vehículos eléctricos chinos y el de la revisión de la política agrícola común; y las páginas del **Banco Central Europeo** y de **Eurostat**	`BOE-A-1986-1` · `BOE-A-2024-13092` · `BOE-A-2024-13093` · CELEX `32024R1866` · CELEX `32024R1468`	Los **documentos del BOE y del Diario Oficial en su texto original publicado** y las **páginas institucionales tal como estaban el 02/09/2026**	**Información y Contenidos**	Aviso sobre las fuentes=De sus **17 preguntas**, **10 se verifican en documento** —cuatro en el BOE, dos en el Diario Oficial de la Unión Europea, tres en la tabla de tipos del Banco Central Europeo y una en Eurostat—: **el mejor respaldo documental de los tres primeros puntos de este temario**. Las **7 restantes** se apoyan **sólo en la plantilla oficial**. Entre ellas, una cuya respuesta **era correcta en 2024 y ya no lo es**: los países de la Unión sin el euro
temas/informacion/03-instituciones.md	Temario específico · Información y Contenidos · punto 3	**Sin norma única en el enunciado**, pero con **norma detrás de casi todo**: la **Constitución** para las reglas de investidura, cese y censura; el **Estatuto de Roma**, el **Convenio de Estambul** y el **Protocolo de adhesión de Suecia a la OTAN** para los organismos internacionales; y **reales decretos de nombramiento publicados en el BOE** para los cargos. Los organismos de Naciones Unidas se apoyan en sus propias páginas	`BOE-A-1978-31229` · `BOE-A-2002-10139` · `BOE-A-2014-5947` · `BOE-A-2024-5478` · `BOE-A-2014-6476` · `BOE-A-2024-3790` · `BOE-A-1988-29622` · `BOE-A-2007-5825` · `BOE-A-1980-23397` · `BOE-A-2024-17786` · `BOE-A-2024-3103` · `BOE-A-2024-12645` · `BOE-A-2022-6052`	La **Constitución, el Estatuto de Roma y el Estatuto de Andalucía en su texto vigente al 21/12/2022**; los **tratados, reales decretos y leyes de planta en su texto original publicado**; y las **páginas institucionales tal como estaban el 02/09/2026**	**Información y Contenidos**	Aviso sobre las fuentes=**Es el tema con mejor respaldo documental de los tres primeros puntos de este temario**: de sus **21 preguntas**, **15 se verifican en documento** —trece en el BOE y dos en las propias Naciones Unidas—, **1 más a medias** y sólo **5** se apoyan en la plantilla. Dos de esas cinco lo hacen **por un motivo que se documenta**: el **Estatuto del OIEA no fija su sede** y ni el **Estatuto de Andalucía** ni la **ley de planta judicial** fijan la del Tribunal Superior de Justicia
temas/informacion/04-codigo-menores.md	Temario específico · Información y Contenidos · punto 4	Código de autorregulación para la defensa de los derechos del menor en los contenidos audiovisuales, conexos, interactivos y de información en línea de la Corporación RTVE, de 23 de julio de 2010	PDF publicado por la propia Corporación en `rtve.es/contenidos/corporacion/codigo_menores_rtve.pdf`, 20 páginas	El código **tal como está publicado**, que es la redacción de 2010 y **no se ha actualizado**: sigue apoyándose en la **Ley 7/2010**, derogada por la Ley 13/2022. Descargado el **02/09/2026**	**Información y Contenidos**	Aviso sobre las fuentes=**Es el único punto de esta ocupación con todas sus preguntas verificadas en documento**: las **2** están, con sus cifras, en el código que el propio programa enlaza. Pero **el examen no llama al documento por su nombre**: sus dos enunciados dicen «Código de Autorregulación sobre contenidos televisivos e infancia», que es el del acuerdo sectorial de **2004** que este código cita como su «más directo precedente»
temas/informacion/05-rdl-4-2018.md	Temario específico · Información y Contenidos · punto 5	Real Decreto-ley 4/2018, de 22 de junio, por el que se concreta, con carácter urgente, el régimen jurídico aplicable a la designación del Consejo de Administración de la Corporación RTVE y de su Presidente. **Con la Sentencia del Tribunal Constitucional 134/2021, que anuló dos de sus piezas**, y con los artículos de la **Ley 17/2006** y las disposiciones transitorias de la **Ley 5/2017** a los que remite	`BOE-A-2018-8577` · `BOE-A-2021-13018` · `BOE-A-2006-9958` · `BOE-A-2017-11091`	El real decreto-ley en su **texto consolidado al 21/12/2022** y, para las dos piezas anuladas, en su **texto original publicado**. Las leyes a las que remite, **en su texto vigente al 21/12/2022**	**Información y Contenidos**	Aviso sobre las fuentes=**Este punto no tiene ni una pregunta en los dos cuadernillos**, así que el tema se escribe **entero contra la norma** y no contra una plantilla. A cambio, la norma es cortísima —un artículo único con seis apartados y dos disposiciones finales— y **está entera en el BOE**. De sus ocho piezas, **el Tribunal Constitucional anuló dos**, y el texto consolidado sólo dice «(Anulado)»: **qué decían se lee en el original**
temas/informacion/06-manual-de-estilo.md	Temario específico · Información y Contenidos · punto 6	Manual de Estilo de RTVE, publicado por la Corporación en `manualdeestilo.rtve.es`. **Ocho capítulos, unas 48.000 palabras**: la razón de ser, la Corporación, TVE, RNE, Medios Interactivos, cuestiones sensibles, el lenguaje y los anexos	Sitio oficial `manualdeestilo.rtve.es`, ocho páginas, una por capítulo	El manual **tal como estaba el 02/09/2026**. Su norma de referencia lingüística es la **Ortografía de la lengua española** en la edición presentada el 16/12/2010	**Información y Contenidos**	Aviso sobre las fuentes=**Las 9 preguntas se verifican en el manual**: es el documento más preguntado del Anexo 2 y el segundo del bloque con el cien por cien. Y llegar a él costó: la primera revisión de las fuentes lo daba por imposible con un 403, y **el 403 no era del servidor** —el programa da la dirección en `http` y sólo pasa `https`—. **Tres de los nueve enunciados salen con las opciones descolocadas en el papel**, sin que cambie la respuesta
temas/informacion/07-directiva-2018-1808.md	Temario específico · Información y Contenidos · punto 7	Directiva (UE) 2018/1808 del Parlamento Europeo y del Consejo, de 14 de noviembre de 2018, por la que se modifica la Directiva 2010/13/UE de servicios de comunicación audiovisual. **Y la propia Directiva 2010/13/UE en su texto consolidado tras esa reforma**, porque la de 2018 es una norma modificativa y lo que se pregunta está en los artículos reformados	CELEX `32018L1808` · CELEX `02010L0013-20181218` · DO L 303 de 28.11.2018	La directiva de 2018 **en su texto publicado** y la de 2010 **consolidada a 18/12/2018**, es decir, **ya modificada** por ella. Leídas el **02/09/2026**	**Información y Contenidos**	Aviso sobre las fuentes=**Las 2 preguntas se verifican en la norma**, pero **hacen falta los dos textos**: la directiva de 2018 dice «el artículo tal se sustituye por el texto siguiente», y lo que el examen pregunta está en la de 2010 tal como queda después. Dos avisos: la respuesta de los **144 minutos** es **el 20 % del bloque calculado**, y **la norma no escribe esa cifra**; y el enunciado del programa fecha la directiva el **28 de noviembre**, que es la del Diario Oficial —**la directiva es de 14 de noviembre**—
temas/informacion/08-resolucion-parlamento-europeo.md	Temario específico · Información y Contenidos · punto 8	Resolución del Parlamento Europeo, de 25 de noviembre de 2020, sobre el refuerzo de la libertad de los medios de comunicación: protección de los periodistas en Europa, discurso del odio, desinformación y papel de las plataformas (2020/2009(INI)). **No es una norma**: es un acto político que fija la posición de la Cámara, publicado en la serie C del Diario Oficial	`P9_TA(2020)0320` · CELEX `52020IP0320` · DO C 425 de 20.10.2021, p. 28	El texto **tal como lo publica el Diario Oficial**, leído el **02/09/2026**	**Información y Contenidos**	Aviso sobre las fuentes=**La única pregunta se verifica en el documento**, y está bien construida: tres de sus opciones copian tres considerandos consecutivos y la cuarta **invierte el sentido de un cuarto**. El documento tiene **doce mil palabras** y el enunciado del programa **es su índice**, así que el tema lo recorre entero. Ojo con las dos fechas: la resolución es de **25/11/2020** y el Diario Oficial que la publica, de **20/10/2021**
temas/informacion/09-informe-unesco.md	Temario específico · Información y Contenidos · punto 9	«Tendencias mundiales en libertad de expresión y desarrollo de los medios: Informe mundial 2021/2022» de la UNESCO. **El informe íntegro no se descarga**, así que el tema se apoya en el **sitio oficial del propio informe en español**, publicado por la misma organización, con sus cuatro capítulos; y en la **página oficial del Día Mundial de la Libertad de Prensa**	Sitio oficial del informe en `unesco.org/reports/world-media-trends/2021/es` · página del Día Mundial de la Libertad de Prensa	Las páginas **tal como estaban el 02/09/2026**. El informe analiza **los cinco años anteriores** a su publicación	**Información y Contenidos**	Aviso sobre las fuentes=**Es el único de los siete documentos del Anexo 2 que no se ha podido descargar**: la biblioteca digital de la UNESCO responde 403 con un desafío de JavaScript, y **se probaron cinco rutas**. De las **5 preguntas**, **3 se atan a documento** —una de ellas **sólo en parte**— y **2 se apoyan en la plantilla**, con el motivo dicho. Y un aviso de nombre: **el informe escribe «Meta» donde la respuesta oficial dice «Facebook»**
temas/informacion/10-carta-etica-fip.md	Temario específico · Información y Contenidos · punto 10	Carta ética mundial para periodistas, adoptada por el **30.º Congreso Mundial de la Federación Internacional de Periodistas** en Túnez el **12 de junio de 2019**. **Completa** —no deroga— la **Declaración de Principios de la FIP sobre la Conducta de los Periodistas de 1954**, la «Declaración de Burdeos»	PDF publicado por la propia Federación en `ifj.org/fileadmin/user_upload/Global_Charter_of_Ethics_SP.pdf`	El texto **tal como lo publica la Federación**, descargado el **02/09/2026**	**Información y Contenidos**	Aviso sobre las fuentes=**Este punto no tiene ni una pregunta en los dos cuadernillos**, como el 5. A cambio, **el documento entero cabe en una página** —dieciséis artículos, un preámbulo y una nota final, unas 850 palabras— y **el tema lo desarrolla entero**. Es también **el punto que más se cruza con los demás**: con el Manual de Estilo en cinco materias y con la Resolución del Parlamento Europeo en dos
temas/gestion-administrativa/01-gestion-administrativa.md	Temario específico · Gestión Administrativa · punto 1	Ley 39/2015, del Procedimiento Administrativo Común, y Ley 16/1985, del Patrimonio Histórico Español	`BOE-A-2015-10565` · BOE núm. 236, de 02/10/2015 — `BOE-A-1985-12534` · BOE núm. 155, de 29/06/1985	Las dos, en su redacción **vigente al 21/12/2022**	**Gestión Administrativa**	Aviso sobre las fuentes=**Es el único punto de esta ocupación que habla de conceptos definidos en una ley y no la cita.** El programa dice «acto administrativo», «registro» y «archivo» sin nombrar la Ley 39/2015, que es la que los define; y «concepto de documento» sin nombrar la Ley 16/1985, que es donde el ordenamiento lo define. **Cinco de sus siete preguntas se contestan con artículo**; las otras dos, con doctrina archivística que ninguna norma escribe, y el tema lo dice
temas/gestion-administrativa/02-contrato-de-trabajo.md	Temario específico · Gestión Administrativa · punto 2	Texto refundido de la Ley del Estatuto de los Trabajadores (RDLeg 2/2015, de 23 de octubre)	`BOE-A-2015-11430` · BOE núm. 255, de 24/10/2015	La **vigente al 21/12/2022**, que ya incorpora la reforma laboral del **RDL 32/2021**: al corte estaban **derogados** el contrato de obra o servicio, el de prácticas y el de formación y aprendizaje	**Gestión Administrativa**	Aviso sobre las fuentes=**Las ocho preguntas tienen artículo**, pero **una respuesta oficial contradice el suyo**: la plantilla da 33 días de indemnización por despido objetivo y el artículo 53.1.b) dice **veinte**, con máximo de doce mensualidades. Los 33 días son del despido **improcedente**, donde el tope son **veinticuatro**. Y **una pregunta se apoya en la costumbre y no en la norma**: los quince días de preaviso al dimitir no están en el Estatuto ni en el III Convenio
temas/gestion-administrativa/03-seguridad-social.md	Temario específico · Gestión Administrativa · punto 3	Texto refundido de la Ley General de la Seguridad Social (RDLeg 8/2015) y Reglamento General de inscripción, afiliación, altas y bajas (RD 84/1996)	`BOE-A-2015-11724` · BOE núm. 261, de 31/10/2015 — `BOE-A-1996-4447` · BOE núm. 50, de 27/02/1996	Las dos, en su redacción **vigente al 21/12/2022**	**Gestión Administrativa**	Aviso sobre las fuentes=**La ley da los conceptos y el reglamento da los plazos**, y el programa no cita ninguna de las dos. La única pregunta que falla es justamente de plazos: la plantilla da **48 horas** para comunicar altas y bajas, y el artículo 32.3 del RD 84/1996 no contempla ese plazo —**el alta va antes de empezar** y **la baja, en tres días naturales**—. Y **los porcentajes del subsidio de incapacidad no están en la ley**: el artículo 171 remite a normas de desarrollo que el temario no cita
temas/gestion-administrativa/04-nominas.md	Temario específico · Gestión Administrativa · punto 4	Estatuto de los Trabajadores (RDLeg 2/2015) y Ley General de la Seguridad Social (RDLeg 8/2015)	`BOE-A-2015-11430` · BOE núm. 255, de 24/10/2015 — `BOE-A-2015-11724` · BOE núm. 261, de 31/10/2015	Las dos, en su redacción **vigente al 21/12/2022**	**Gestión Administrativa**	Aviso sobre las fuentes=**Una nómina son tres normas y el programa no cita ninguna**: el Estatuto manda en los devengos, la Ley General de la Seguridad Social en las deducciones y la normativa del IRPF en las retenciones. **Siete de las ocho preguntas tienen artículo**; la octava —de qué depende el porcentaje de retención— **se apoya en una norma que no está en el Anexo 2**, y el tema lo dice en vez de ponerle un artículo prestado
temas/gestion-administrativa/05-contabilidad.md	Temario específico · Gestión Administrativa · punto 5	Plan General de Contabilidad, aprobado por el RD 1514/2007, de 16 de noviembre	`BOE-A-2007-19884` · BOE núm. 278, de 20/11/2007	La **vigente al 21/12/2022**, que incorpora la modificación del **RD 1/2021**, publicada el **30 de enero de 2021** —la misma fecha que cita el Anexo 2—	**Gestión Administrativa**	Aviso sobre las fuentes=**Es el punto más preguntado de la ocupación: quince preguntas**, y el único cuyo enunciado da la referencia del BOE y la fecha de la última modificación, las dos exactas. **Catorce respuestas son correctas y una está mal**, y la prueba no hay que buscarla fuera: la plantilla contesta la **misma regla** de tres maneras en las preguntas 17, 68 y 93, y sólo la 17 contradice al Plan
temas/gestion-administrativa/06-matematica-financiera.md	Temario específico · Gestión Administrativa · punto 6	**Ninguna**: la matemática financiera no está en el BOE ni en una norma de un organismo de normalización	—	No procede: las fórmulas no tienen redacción vigente	**Gestión Administrativa**	Aviso sobre las fuentes=**Es el primer tema del proyecto sin fuente que citar, y no por falta de búsqueda**: aquí no se verifica, se demuestra. La garantía que sustituye a la cita es que **todas las operaciones del tema se han recalculado**, incluidas las cinco numéricas del examen, con la cuenta escrita al lado. **Una de ellas no cuadra con su respuesta oficial**: la plantilla da 2.400 € de capital final donde la multiplicación da **4.800 €**
temas/gestion-administrativa/07-probabilidad-y-estadistica.md	Temario específico · Gestión Administrativa · punto 7	**Ninguna**: la estadística descriptiva y el cálculo de probabilidades no se publican en un boletín oficial	—	No procede: las fórmulas no tienen redacción vigente	**Gestión Administrativa**	Aviso sobre las fuentes=**Segundo tema que se demuestra en vez de citarse**, y **el único punto de la ocupación sin una sola incidencia**: las once respuestas oficiales son correctas. Los cinco cálculos del examen —tres medianas, una moda y un rango— están rehechos en el tema con los datos y el procedimiento a la vista
temas/gestion-administrativa/08-ofimatica.md	Temario específico · Gestión Administrativa · punto 8	**Ninguna**: es el único de los cinco puntos de informática que no cita ningún producto, y la terminología técnica no es contenido de una norma	—	No procede	**Gestión Administrativa**	Aviso sobre las fuentes=**Dos preguntas, las dos de la última línea del enunciado**: seguridad informática. Las cinco primeras líneas —hardware, software, almacenamiento, sistemas operativos y dispositivos— **no han caído ni una vez**, y ocupan la mayor parte del tema por la regla del apartado 7 del manual
temas/gestion-administrativa/09-windows-10.md	Temario específico · Gestión Administrativa · punto 9	Documentación de soporte de Microsoft para **Windows 10 Pro, versión 22H2**	`support.microsoft.com/es-es/windows/…dcc61a57` y `learn.microsoft.com/es-es/lifecycle/products/windows-10-home-and-pro`	**Las páginas de hoy, no las de 2022**: Microsoft publica la página viva y no una versión fechada. El tema afirma lo que **no ha cambiado** entre aquella versión y ésta	**Gestión Administrativa**	Aviso sobre las fuentes=**Primer tema del proyecto cuyo objeto de estudio ha quedado obsoleto por la fecha de corte, no su redacción**: Microsoft publica que **Windows 10 llegó al fin de soporte el 14 de octubre de 2025** y que la **22H2 es su versión final**, y la convocatoria congela el temario en el 21/12/2022. **Una sola pregunta**, la del atajo de pegar; el resto del enunciado no ha caído nunca
temas/gestion-administrativa/10-la-red-internet.md	Temario específico · Gestión Administrativa · punto 10	**Ninguna**: es terminología técnica común de redes, no el contenido de una norma ni de un manual de producto	—	No procede	**Gestión Administrativa**	Aviso sobre las fuentes=**Una sola pregunta** —qué aparato hace falta para conectar una red doméstica— y **nueve líneas de enunciado sin preguntar nunca**. El tema las desarrolla igual, y **dice que no cita especificaciones**: lo que afirma es vocabulario de la disciplina, no la cita de un documento
temas/gestion-administrativa/11-office-2019.md	Temario específico · Gestión Administrativa · punto 11	Documentación de soporte de Microsoft para **Office Profesional Plus 2019**	`support.microsoft.com/es-es/office/…3cdeb221` y `…9ff81241`	**Las páginas de hoy, no las de 2019**: los dos datos que el examen pregunta —el atajo de reenviar y la función de las listas— no han cambiado, y así se comprueban	**Gestión Administrativa**	Aviso sobre las fuentes=**Es el subpunto más largo del Anexo 2 de esta ocupación —cuatro aplicaciones— y sólo tiene dos preguntas**, ninguna de Excel ni de PowerPoint. Una de ellas se apoya en una trampa que conviene saber: en casi todas las aplicaciones **Ctrl + F** abre la búsqueda; **en Outlook reenvía**
temas/gestion-administrativa/12-microsoft-teams.md	Temario específico · Gestión Administrativa · punto 12	Documentación de Microsoft sobre canales de Teams	`learn.microsoft.com/es-es/microsoftteams/private-channels`	Página viva, descargada el 02/09/2026	**Gestión Administrativa**	Aviso sobre las fuentes=**La versión que el programa cita, la 1.6.00.376, no tiene documentación propia**: Microsoft documenta Teams como servicio, no compilación a compilación. El tema **no promete describir esa versión**; describe lo documentado y avisa de qué es configurable por cada organización. **Una sola pregunta**, la de los permisos del canal privado, cuya respuesta es correcta con un matiz: quien añade gente es el propietario **del canal**, no necesariamente el del equipo
temas/gestion/01-estatuto-de-los-trabajadores.md	Temario específico · Gestión · punto 1	Texto refundido de la Ley del Estatuto de los Trabajadores (RDLeg 2/2015, de 23 de octubre)	`BOE-A-2015-11430` · BOE núm. 255, de 24/10/2015	La **vigente al 21/12/2022**, que **coincide con la «última actualización publicada el 8/9/2022»** que cita el propio Anexo 2: aquí la fecha del programa y la de corte señalan el mismo texto	**Gestión**	Aviso sobre las fuentes=**Este punto no describe una materia: nombra una ley entera**, y los puntos 2 a 8 son capítulos suyos. Por eso el tema hace de mapa y **desarrolla lo que ningún otro punto recorre**: el Título II, de representación colectiva, y el IV, de infracciones y sanciones. **No tiene ni una pregunta de examen**, y son materia examinable
temas/gestion/02-trabajo-por-cuenta-ajena.md	Temario específico · Gestión · punto 2	Texto refundido de la Ley del Estatuto de los Trabajadores (RDLeg 2/2015)	`BOE-A-2015-11430` · BOE núm. 255, de 24/10/2015	La **vigente al 21/12/2022**	**Gestión**	Aviso sobre las fuentes=**Ninguna pregunta del examen cae en este punto**, y es materia examinable: la delimitación del trabajo por cuenta ajena es lo primero que se pregunta en esta familia de oposiciones, y **la cesión ilegal del artículo 43 es material de test de manual**, con cuatro supuestos alternativos y doble consecuencia. Lo que no tiene artículo —el falso autónomo, el deslinde de las becas— va dicho como doctrina
temas/gestion/03-convenios-colectivos.md	Temario específico · Gestión · punto 3	Texto refundido de la Ley del Estatuto de los Trabajadores (RDLeg 2/2015), Título III	`BOE-A-2015-11430` · BOE núm. 255, de 24/10/2015	La **vigente al 21/12/2022**	**Gestión**	Aviso sobre las fuentes=**Dos preguntas y las dos literales del artículo**, y las dos se fallan por contestar con lo razonable en vez de con el precepto: un convenio **no entra en vigor al publicarse** sino cuando las partes acuerden, y el que sucede a otro **lo deroga entero** salvo lo que expresamente se mantenga
temas/gestion/04-contrato-de-trabajo.md	Temario específico · Gestión · punto 4	Texto refundido de la Ley del Estatuto de los Trabajadores (RDLeg 2/2015)	`BOE-A-2015-11430` · BOE núm. 255, de 24/10/2015	La **vigente al 21/12/2022**, que ya incorpora la reforma del **RDL 32/2021**: al corte están derogados el contrato de obra o servicio, el de prácticas y el de formación y aprendizaje	**Gestión**	Aviso sobre las fuentes=**Nueve preguntas: el punto más preguntado del bloque de derecho del trabajo**, y las nueve respuestas oficiales son correctas. Ojo a dos cifras que el examen manipula: el pacto de horas complementarias exige **diez** horas semanales, no quince; y el eventual por circunstancias de la producción dura **seis meses**, ampliables a un año por convenio sectorial
temas/gestion/05-modificacion-de-condiciones.md	Temario específico · Gestión · punto 5	Texto refundido de la Ley del Estatuto de los Trabajadores (RDLeg 2/2015), artículos 39 a 41	`BOE-A-2015-11430` · BOE núm. 255, de 24/10/2015	La **vigente al 21/12/2022**	**Gestión**	Aviso sobre las fuentes=**Cuatro preguntas, todas correctas, y tres se contestan por exclusión dentro de una enumeración**: qué letra falta en el artículo 41.3 —la **e)**, sistema de trabajo y rendimiento, que **no da derecho a rescindir con indemnización**—, qué materia está en el 41.1 y qué condiciones exige el 39.2
temas/gestion/06-tiempo-de-trabajo.md	Temario específico · Gestión · punto 6	Texto refundido de la Ley del Estatuto de los Trabajadores (RDLeg 2/2015), artículos 34 a 38	`BOE-A-2015-11430` · BOE núm. 255, de 24/10/2015	La **vigente al 21/12/2022**	**Gestión**	Aviso sobre las fuentes=**Dos preguntas, las dos del artículo 34 y las dos literales.** El resto del enunciado —distribución irregular, descansos, fiestas, horas extraordinarias, vacaciones y conciliación— **no ha caído nunca**, y es la parte con más cifras del tema
temas/gestion/07-el-salario.md	Temario específico · Gestión · punto 7	Texto refundido de la Ley del Estatuto de los Trabajadores (RDLeg 2/2015), artículos 26, 27, 29 y 32	`BOE-A-2015-11430` · BOE núm. 255, de 24/10/2015	La **vigente al 21/12/2022**	**Gestión**	Aviso sobre las fuentes=**Seis preguntas y las seis respuestas oficiales son correctas.** Cinco se contestan citando artículo; la sexta se apoya en **la escala de embargo de la Ley de Enjuiciamiento Civil**, que el Anexo 2 no cita y que este tema no finge citar: se resuelve con el artículo 27.2, que declara **inembargable el salario mínimo** y del que se deduce que sólo se embarga sobre el exceso
temas/gestion/08-derechos-y-deberes.md	Temario específico · Gestión · punto 8	Texto refundido de la Ley del Estatuto de los Trabajadores (RDLeg 2/2015), artículos 4, 5, 18, 20 y 58 a 60	`BOE-A-2015-11430` · BOE núm. 255, de 24/10/2015	La **vigente al 21/12/2022**	**Gestión**	Aviso sobre las fuentes=**Una sola pregunta, y su enunciado está roto**: pregunta por la prescripción de las faltas muy graves y sus opciones hablan de la publicación en el BOE. **Ninguna de las cuatro responde**: el artículo 60.2 dice **sesenta días** desde que la empresa lo conoce y **seis meses** desde que se cometió, y el III Convenio dice lo mismo. Los veinte días de la respuesta oficial son el plazo de las **graves**
temas/gestion/09-proteccion-de-datos.md	Temario específico · Gestión · punto 9	Ley Orgánica 3/2018, de Protección de Datos Personales y garantía de los derechos digitales, y **Ley Orgánica 7/2021**, que el examen pregunta y el Anexo 2 no cita	`BOE-A-2018-16673` · BOE núm. 294, de 06/12/2018 — `BOE-A-2021-8806` · BOE núm. 126, de 27/05/2021	Las dos, en su redacción **vigente al 21/12/2022**	**Gestión**	Aviso sobre las fuentes=**Dos de las seis preguntas van de una ley que el programa no incluye**: la LO 7/2021, de datos tratados con fines penales, que transpone otra directiva y tiene su propio régimen sancionador. Las respuestas son correctas y verificables, pero **quien haya estudiado sólo lo que el temario manda no podía saberlas**. El tema estudia las dos leyes y lo dice
temas/gestion/10-el-presupuesto.md	Temario específico · Gestión · punto 10	Ley 47/2003, de 26 de noviembre, General Presupuestaria	`BOE-A-2003-21614` · BOE núm. 284, de 27/11/2003	La **vigente al 21/12/2022**	**Gestión**	Aviso sobre las fuentes=**El punto no cita norma y se usa la Ley General Presupuestaria**, que es la que define el Presupuesto en España. **Las tres técnicas que el enunciado nombra —clásico, por programas y base cero— no están en ninguna norma**: son doctrina de la hacienda pública, y el tema las expone como tales. **Ninguna pregunta cae aquí.** Y ojo al régimen de la casa: RTVE, sociedad mercantil estatal, tiene **presupuesto estimativo**, no limitativo
temas/gestion/11-modelo-contable.md	Temario específico · Gestión · punto 11	Real Decreto 1514/2007, de 16 de noviembre, Plan General de Contabilidad	`BOE-A-2007-19884` · BOE núm. 278, de 20/11/2007	La **vigente al 21/12/2022**	**Gestión**	Aviso sobre las fuentes=**Sus 3 preguntas tienen respaldo en el Plan.** El punto abre el bloque contable del temario —los puntos 11 a 16 comparten norma— y es el que fija el vocabulario: principios contables, marco conceptual y estructura del Plan en cinco partes, de las que **sólo las tres primeras son obligatorias**
temas/gestion/12-proceso-contable.md	Temario específico · Gestión · punto 12	Real Decreto 1514/2007, de 16 de noviembre, Plan General de Contabilidad, y Código de Comercio	`BOE-A-2007-19884` — `BOE-A-1885-6627`	Los dos, en su redacción **vigente al 21/12/2022**	**Gestión**	Aviso sobre las fuentes=**El Plan da el método y el Código de Comercio da los libros obligatorios**, que son sólo dos: **el de Inventarios y Cuentas anuales y el Diario**. Sus 2 preguntas se contestan con el ciclo contable, que el tema recorre entero, del asiento de apertura al de cierre
temas/gestion/13-el-patrimonio.md	Temario específico · Gestión · punto 13	Real Decreto 1514/2007, de 16 de noviembre, Plan General de Contabilidad	`BOE-A-2007-19884` · BOE núm. 278, de 20/11/2007	La **vigente al 21/12/2022**	**Gestión**	Aviso sobre las fuentes=**Sus 4 preguntas son de masas patrimoniales y de la ecuación fundamental.** El tema desarrolla el balance con el modelo normal del Plan y separa **activo, pasivo y patrimonio neto** con las definiciones del Marco Conceptual, que es donde están y donde casi nadie las busca
temas/gestion/14-gastos-ingresos-tesoreria.md	Temario específico · Gestión · punto 14	Real Decreto 1514/2007, de 16 de noviembre, Plan General de Contabilidad	`BOE-A-2007-19884` · BOE núm. 278, de 20/11/2007	La **vigente al 21/12/2022**	**Gestión**	Aviso sobre las fuentes=**Es el punto que más cuentas concretas exige**, y sus 2 preguntas van justo de eso. El tema recorre los grupos 6 y 7 y los subgrupos de existencias, acreedores y tesorería con el nombre exacto de cada cuenta, porque el examen pregunta por nombres de cuenta y no por conceptos
temas/gestion/15-inmovilizado-material.md	Temario específico · Gestión · punto 15	Real Decreto 1514/2007, de 16 de noviembre, Plan General de Contabilidad	`BOE-A-2007-19884` · BOE núm. 278, de 20/11/2007	La **vigente al 21/12/2022**	**Gestión**	Aviso sobre las fuentes=**Una sola pregunta, y de la definición de amortización.** Todo lo demás que el enunciado enumera —valoración inicial, valor razonable, coste actualizado, deterioro, retiro y venta— no ha caído nunca, y es donde están las reglas que se fallan en la práctica: la comparación con el **valor contable** al vender, la **irreversibilidad** de la amortización frente a la reversibilidad del deterioro y la **no amortización de los terrenos**
temas/gestion/16-inmovilizado-intangible.md	Temario específico · Gestión · punto 16	Real Decreto 1514/2007, de 16 de noviembre, Plan General de Contabilidad	`BOE-A-2007-19884` · BOE núm. 278, de 20/11/2007	La **vigente al 21/12/2022**, con las normas 5.ª y 6.ª en su redacción **desde el 18/12/2016**	**Gestión**	Aviso sobre las fuentes=**Ninguna pregunta cae aquí**, y se desarrolla igual. El enunciado dice «inmaterial» y el Plan dice **intangible**: es el mismo activo con el nombre de antes y el de después de 2007. Y ojo a la reforma de 2016, que suprimió los intangibles de **vida útil indefinida**: hoy se amortizan todos, fondo de comercio incluido
temas/gestion/17-costes-de-produccion.md	Temario específico · Gestión · punto 17	Real Decreto 1514/2007, de 16 de noviembre, Plan General de Contabilidad	`BOE-A-2007-19884` · BOE núm. 278, de 20/11/2007	La **vigente al 21/12/2022**	**Gestión**	Aviso sobre las fuentes=**La contabilidad de costes no está regulada en España**: es interna, voluntaria y sin formato obligatorio. Lo único que el Plan impone es el **resultado** al que tiene que llegar cuando se usa para valorar existencias, y esa frase se cita literal. Todo lo demás va como doctrina y el tema lo dice. **Sus 4 respuestas oficiales son correctas**
temas/gestion/18-tesoreria.md	Temario específico · Gestión · punto 18	Real Decreto 1514/2007, Plan General de Contabilidad, y Código de Comercio	`BOE-A-2007-19884` — `BOE-A-1885-6627`	Los dos, en su redacción **vigente al 21/12/2022**	**Gestión**	Aviso sobre las fuentes=**Es el punto con más contenido por pregunta de todo el temario**: sólo 2 preguntas para libro de caja, arqueo, conciliación, efectos descontados y presupuesto de tesorería. **Los libros de tesorería no son obligatorios**: el artículo 25 del Código de Comercio sólo exige el de Inventarios y Cuentas anuales y el Diario
temas/gestion/19-informacion-financiera.md	Temario específico · Gestión · punto 19	Real Decreto 1514/2007, Plan General de Contabilidad, y Código de Comercio	`BOE-A-2007-19884` — `BOE-A-1885-6627`	Los dos, en su redacción **vigente al 21/12/2022**	**Gestión**	Aviso sobre las fuentes=**Aquí está la errata de plantilla del bloque contable.** La pregunta 32 pide el indicador que **ignora** los intereses y la respuesta oficial, el **BAI**, es el único de los cuatro que **sí los computa**: el propio modelo de cuenta de pérdidas y ganancias lo define como **A.1 + A.2**, y A.2 es el resultado financiero. La respuesta que hay que marcar es el **EBITDA**. Las otras tres preguntas son correctas
temas/gestion/20-iva.md	Temario específico · Gestión · punto 20	Ley 37/1992, de 28 de diciembre, del Impuesto sobre el Valor Añadido, y Plan General de Contabilidad	`BOE-A-1992-28740` · BOE núm. 312, de 29/12/1992 — `BOE-A-2007-19884`	Las dos, **vigentes al 21/12/2022**; la del IVA incorpora la **modificación de 20/12/2022** que el propio enunciado exige	**Gestión**	Aviso sobre las fuentes=**Es el punto mejor construido del temario, con el 24.** Sus **3 preguntas se contestan con cita literal** y las tres respuestas oficiales son correctas. Y es uno de los dos puntos de todo el proyecto que **se pone fecha a sí mismo**: el enunciado acota la ley «hasta la modificación de 20 de diciembre de 2022 incluida», un día antes del corte del proyecto
temas/gestion/21-planificacion-y-control.md	Temario específico · Gestión · punto 21	**Sin norma.** Doctrina de dirección de empresas y control de gestión	—	No procede: **no hay norma que fechar**	**Gestión**	Aviso sobre las fuentes=**Este punto no descansa en ninguna norma y el tema lo declara de entrada**, en vez de prestarle artículos que no le corresponden. Su **única pregunta se contesta leyendo el enunciado del propio punto**: tres de sus cuatro opciones son, literalmente, tres de los epígrafes que el Anexo 2 enumera
temas/gestion/22-seguridad-social.md	Temario específico · Gestión · punto 22	Texto refundido de la Ley General de la Seguridad Social (RDLeg 8/2015, de 30 de octubre)	`BOE-A-2015-11724` · BOE núm. 261, de 31/10/2015	La **vigente al 21/12/2022**, que incorpora la **última actualización publicada el 26/11/2022** que el enunciado exige	**Gestión**	Aviso sobre las fuentes=**Es el único punto de todo el proyecto que acota su articulado**: Título I, **artículos 1 a 20**, y Título II, **capítulos I a XVII**. Lo que quede fuera —el capítulo XVIII y siguientes, los autónomos, el desempleo— *no es materia*, y el tema lo dice para que nadie lo busque aquí. Su única pregunta es literal del **artículo 197**
temas/gestion/23-retribucion-de-recursos-humanos.md	Temario específico · Gestión · punto 23	Texto refundido de la Ley del Estatuto de los Trabajadores (RDLeg 2/2015, de 23 de octubre)	`BOE-A-2015-11430` · BOE núm. 255, de 24/10/2015	La **vigente al 21/12/2022**	**Gestión**	Aviso sobre las fuentes=**Ninguna pregunta cae aquí**, y sin embargo **nueve de las 81 del examen se contestan con material que también está en este punto**: las percepciones salariales y no salariales son las preguntas 11 y 35 del punto 24, las teorías de la motivación son las del punto 25 y la evaluación del desempeño es la del 26. El tema separa lo que el Estatuto impone de lo que es diseño retributivo
temas/gestion/24-nomina.md	Temario específico · Gestión · punto 24	Estatuto de los Trabajadores, Ley General de la Seguridad Social, Ley 22/2021 de Presupuestos para 2022 y Reglamento del IRPF	`BOE-A-2015-11430` — `BOE-A-2015-11724` — `BOE-A-2021-21653` — `BOE-A-2007-6820`	Las cuatro, en su redacción **vigente al 21/12/2022**	**Gestión**	Aviso sobre las fuentes=**Es el punto con más preguntas del temario: 7 de 81, y las 7 respuestas oficiales son correctas.** Una nómina son cuatro normas y **el enunciado no cita ninguna**. Dos de ellas —la Ley de Presupuestos y el Reglamento del IRPF— **no aparecen en ningún punto del Anexo 2** y sin embargo el examen preguntó por las dos: la 42 sale de la primera y la 17 de la segunda
temas/gestion/25-la-empresa-como-organizacion.md	Temario específico · Gestión · punto 25	**Sin norma.** Teoría de la organización y psicología del trabajo	—	No procede: **no hay norma que fechar**	**Gestión**	Aviso sobre las fuentes=**Segundo punto con más preguntas: 6 de 81, y las 6 respuestas oficiales son correctas.** Sus preguntas citan por su nombre a **cuatro autores** —Mintzberg dos veces, Herzberg, Maslow y McClelland—, así que aquí se estudian modelos con autor, no artículos. El tema atribuye cada modelo a quien lo formuló
temas/gestion/26-gestion-por-competencias.md	Temario específico · Gestión · punto 26	**Sin norma.** Doctrina de dirección de personas	—	No procede: **no hay norma que fechar**	**Gestión**	Aviso sobre las fuentes=**Sus 2 preguntas son de la última parte del enunciado**, evaluación del desempeño y modelo 360º, y las dos respuestas oficiales son correctas. La mejor de las dos se contesta sabiendo qué **no** es un instrumento de evaluación: la **desensibilización sistemática** es una técnica de terapia para las fobias y no mide nada
temas/gestion/27-produccion-en-television.md	Temario específico · Gestión · punto 27	Ley 13/2022, de 7 de julio, General de la Comunicación Audiovisual, y III Convenio Colectivo de la Corporación RTVE	`BOE-A-2022-11311` — `BOE-A-2020-16744`	Los dos, en su texto **vigente al 21/12/2022**	**Gestión**	Aviso sobre las fuentes=**Tres capas de fuente y el tema las separa**: la ley define **vídeo a petición, autopromoción y patrocinio**; el convenio define **producción interna, mixta y ajena**; y el resto —fases, equipos, géneros, programación, audiencia— es oficio audiovisual sin norma detrás. **Sus 3 respuestas oficiales son correctas**
temas/gestion/28-matematica-financiera.md	Temario específico · Gestión · punto 28	**Sin norma.** Matemática financiera	—	No procede: **no hay norma que fechar**	**Gestión**	Aviso sobre las fuentes=**Sus 4 respuestas oficiales son correctas y las cuatro se comprueban rehaciendo la operación**, que es lo que el tema hace. En este tema **ninguna cifra calculada va en negrita**: la negrita promete literalidad y una cuenta propia no la tiene. Los distractores del examen son magnitudes reales del enunciado, y una de ellas es el resultado **sin convertir la unidad**
temas/gestion/29-estadistica-descriptiva.md	Temario específico · Gestión · punto 29	**Sin norma.** Estadística descriptiva	—	No procede: **no hay norma que fechar**	**Gestión**	Aviso sobre las fuentes=**Sus 2 respuestas oficiales son correctas.** La más laboriosa del examen entero se desarrolla paso a paso con **los dos divisores**, N y N−1, porque el enunciado **no dice si los tres datos son población o muestra** y de eso depende cuál de sus opciones es la buena. La oficial es la de la **cuasivarianza**, y además es la única bien redondeada
temas/gestion/30-excel-avanzado.md	Temario específico · Gestión · punto 30	Documentación de producto de Microsoft para **Excel 2019** (cuarto nivel de la jerarquía de fuentes)	9 páginas de `support.microsoft.com/es-es/office/…`	**Las páginas tal como estaban el 03/09/2026.** Microsoft publica documentación viva, no versiones fechadas	**Gestión**	Aviso sobre las fuentes=**Ninguna pregunta cae aquí**, y es el más llamativo de los tres puntos sin preguntas: el temario de **Gestión Administrativa**, examinado el mismo año, **sí preguntó por ofimática** y bastante. El tema anota la única diferencia de versión que afecta a la materia: **las matrices dinámicas no existen en Excel 2019**
temas/realizacion/01-generos-y-formatos.md	Temario específico · Realización (Asistencia) · punto 1.1	**Sin norma articulada.** Oficio audiovisual, con la definición de «formato» del **artículo 2 de la Ley 13/2022**	`BOE-A-2022-11311`, para la única definición legal que el tema cita	La **vigente al 21/12/2022**	**Realización (Asistencia)**	Aviso sobre las fuentes=**Dos de sus preguntas están fuera del anexo de esta ocupación** y el tema lo declara: la de la historia de la televisión en España no corresponde a ningún punto del temario específico de Realización (Asistencia)
temas/realizacion/02-el-guion.md	Temario específico · Realización (Asistencia) · punto 1.2	**Oficio audiovisual**, con el **artículo 87 del texto refundido de la Ley de Propiedad Intelectual** para la autoría de la obra audiovisual	`BOE-A-1996-8930`	La **vigente al 21/12/2022**	**Realización (Asistencia)**	Aviso sobre las fuentes=**«Minutado» tiene dos significados en este examen** y el tema los separa: la escaleta con tiempos y el registro de las tomas grabadas. La pregunta 29 del segundo llamamiento usa el segundo
temas/realizacion/03-organizacion-de-la-produccion.md	Temario específico · Realización (Asistencia) · punto 1.3	**Oficio audiovisual**, con el **artículo 8 del III Convenio colectivo de RTVE** para la clasificación profesional	Convenio colectivo de la Corporación RTVE	La **vigente al 21/12/2022**	**Realización (Asistencia)**	
temas/realizacion/04-decorados-planos-y-perspectivas.md	Temario específico · Realización (Asistencia) · punto 1.4	**Sin norma.** Dibujo técnico aplicado a la escenografía televisiva	—	No procede: **no hay norma que fechar**	**Realización (Asistencia)**	
temas/realizacion/05-la-tecnologia-en-la-realizacion.md	Temario específico · Realización (Asistencia) · bloque 2 (2.1.1 a 2.1.3)	**Recomendaciones UIT-R BT.601-7, BT.709-6, BT.2020-2 y BT.2100-1** y **normas ETSI EN 300 744 y EN 302 755**	Normas técnicas sin identificador del BOE: se citan por su designación y su edición	Las Recomendaciones del **UIT-R**, en su **edición en español**; las del **ETSI**, en su **edición publicada**	**Realización (Asistencia)**	Aviso sobre las fuentes=**La fórmula de la EOTF del PQ se cita desde la página del PDF y no desde el volcado de texto**, que desordena símbolos y exponentes: con una norma técnica en PDF, el texto extraído no es la fuente, la página lo es
temas/realizacion/06-lenguaje-tecnico-y-narrativo.md	Temario específico · Realización (Asistencia) · punto 3.1	**Sin norma.** Lenguaje audiovisual y convenciones de montaje	—	No procede: **no hay norma que fechar**	**Realización (Asistencia)**	Aviso sobre las fuentes=**La pregunta 34 del segundo llamamiento depende de una imagen** que el texto del cuadernillo no conserva, y queda declarada sin verificar
temas/realizacion/07-la-camara-accesorios-y-posibilidades.md	Temario específico · Realización (Asistencia) · punto 3.2	**Óptica geométrica y práctica de cámara**, con dos notas técnicas de **Fujifilm** para los extremos focales de los zumes de retransmisión	Documentación de fabricante, leída el **03/09/2026**	Las notas de fabricante, **en la fecha en que se leyeron**	**Realización (Asistencia)**	Aviso sobre las fuentes=**Canon y Sony siguen cerrados**, comprobado con agente de navegador. Lo que el tema dice de los objetivos se apoya en las notas de Fujifilm, que sí publican sus extremos focales
temas/realizacion/08-la-iluminacion.md	Temario específico · Realización (Asistencia) · punto 3.3	**Luminotecnia y práctica de plató**, con las **Recomendaciones UIT-R BT.709-6 y BT.2020-2** para el blanco de referencia D65 y la ficha del **Astera Titan Tube**	Normas técnicas y documentación de fabricante, sin identificador del BOE	Las Recomendaciones, en su **edición en español**; la ficha de fabricante, **leída el 02/09/2026**	**Realización (Asistencia)**	Aviso sobre las fuentes=**El examen y las Recomendaciones dan dos cifras distintas de «luz día»** —5.500 K y 6.500 K— y el tema explica cuál pide cada enunciado: ninguna de las dos es un distractor inventado
temas/realizacion/09-el-sonido.md	Temario específico · Realización (Asistencia) · punto 3.4	**Sin norma.** Acústica elemental y técnica de sonido en estudio y directo	—	No procede: **no hay norma que fechar**	**Realización (Asistencia)**	Aviso sobre las fuentes=**Tres preguntas llevan anotación por defectos de construcción**, ninguna por errata: dos opciones sinónimas en una, una errata de grafía que salva otra, y una tercera cuya opción falsa describe con acierto el uso de lo que la pregunta define
temas/realizacion/10-el-mezclador-de-video.md	Temario específico · Realización (Asistencia) · bloque 4 (4.1 a 4.12)	**Documentación de fabricante**: manual en español de los **Blackmagic ATEM**, edición de diciembre de 2024	Documentación de fabricante, descargada el **03/09/2026**	La **edición de diciembre de 2024** del manual	**Realización (Asistencia)**	Aviso sobre las fuentes=**El manual dice «composición» donde el examen dice «llave»**, y «nivel» donde el examen dice «clip». Y **Sony, Grass Valley, Ross, Panasonic y EVS siguen cerrados**: lo que el tema dice de la serie XVS que el examen cita por modelo no está contrastado en su fabricante
temas/realizacion/11-el-estudio-controles-y-plato.md	Temario específico · Realización (Asistencia) · punto 5.1	**Sin norma.** Organización de un centro de producción de televisión	—	No procede: **no hay norma que fechar**	**Realización (Asistencia)**	Aviso sobre las fuentes=**Ninguna de las cuatro opciones de la pregunta 47 define la unidad de control de cámara**, y la marcada contradice, al pie de la letra, a la pregunta 65 del otro llamamiento. Queda declarada pregunta defectuosa
temas/realizacion/12-las-unidades-moviles.md	Temario específico · Realización (Asistencia) · punto 5.2	**Recomendación UIT-R SNG.770-2** para el periodismo electrónico digital por satélite	Norma técnica sin identificador del BOE	La **edición de enero de 2012** en español	**Realización (Asistencia)**	
temas/realizacion/13-la-asistencia-en-grabacion.md	Temario específico · Realización (Asistencia) · punto 5.3	**Sin norma.** Descripción del oficio de asistencia de realización	—	No procede: **no hay norma que fechar**	**Realización (Asistencia)**	Aviso sobre las fuentes=**Es el único tema del libro sin ni una pregunta en los dos llamamientos**, y por tanto el único que no ha podido someterse a la comprobación que el proyecto aplica a los demás: su cobertura es del temario, no del examen
temas/realizacion/14-la-retransmision.md	Temario específico · Realización (Asistencia) · punto 5.4	**Recomendación UIT-R SNG.770-2** para el enlace por satélite, y oficio para el resto	Norma técnica sin identificador del BOE	La **edición de enero de 2012** en español	**Realización (Asistencia)**	Aviso sobre las fuentes=**El recorrido de la señal por los centros de RTVE no se apoya en ningún documento de organización interna**, que este proyecto no tiene: se explica desde la función de un control central y desde la propia respuesta oficial
temas/realizacion/15-la-emision-pantallas-servidores-y-grafismo.md	Temario específico · Realización (Asistencia) · puntos 5.5, 5.6 y 5.7	**Ley 13/2022, de 7 de julio, General de Comunicación Audiovisual**, artículos 156, 71 y 152	`BOE-A-2022-11311` · BOE núm. 163, de 08/07/2022	La **vigente al 21/12/2022**	**Realización (Asistencia)**	Aviso sobre las fuentes=**Sus dos preguntas más difíciles no piden definiciones sino montar una solución**, y son las que más se parecen al trabajo real de la ocupación
temas/realizacion/16-realidad-aumentada-y-produccion-online.md	Temario específico · Realización (Asistencia) · puntos 5.8 y 5.9	**Documentación de fabricante**: ficha del **Mo-Sys StarTracker Max**	Documentación de fabricante, leída el **02/09/2026**	La ficha, **en la fecha en que se leyó**	**Realización (Asistencia)**	Aviso sobre las fuentes=**Aquí está la errata de plantilla de este libro**: la opción marcada en la pregunta del sistema free-d describe un montaje de croma y no una sensorización. La correcta es la a)
temas/realizacion/17-la-asistencia-en-plato-regiduria.md	Temario específico · Realización (Asistencia) · punto 5.10	**Sin norma.** Organización del trabajo en plató	—	No procede: **no hay norma que fechar**	**Realización (Asistencia)**	
temas/realizacion/18-canales-online.md	Temario específico · Realización (Asistencia) · punto 5.11	**Sin norma** propia. Herramientas y vocabulario de publicación en la web, con el **artículo 156.2 de la Ley 13/2022** para la conservación de lo emitido	`BOE-A-2022-11311`	La **vigente al 21/12/2022**	**Realización (Asistencia)**	
temas/realizacion/19-la-puesta-en-escena.md	Temario específico · Realización (Asistencia) · bloque 6 (6.1 a 6.3)	**Sin norma.** Escenografía, ambientación, vestuario y dirección de intérpretes	—	No procede: **no hay norma que fechar**	**Realización (Asistencia)**	
temas/realizacion/20-postproduccion.md	Temario específico · Realización (Asistencia) · bloque 7 (7.1 a 7.4)	**Teoría del montaje y técnica de posproducción**, con el **artículo 147 del texto refundido de la Ley de Propiedad Intelectual** para las entidades de gestión	`BOE-A-1996-8930`	La **vigente al 21/12/2022**	**Realización (Asistencia)**	Aviso sobre las fuentes=**Una de sus preguntas está fuera del Anexo 2 de esta ocupación** —la de la entidad de gestión de derechos de autor— y el tema lo declara antes de responderla
